Metric,Value
threshold,0.8468594400802464
accuracy,0.9746666666666667
precision,0.9863387978142076
recall,0.9626666666666667
f1,0.9743589743589743
fpr,0.013333333333333334
auc_roc,0.9956622222222222
confusion_matrix,"[[370, 5], [14, 361]]"
Ablation_Category,Accuracy_Without,Accuracy_Drop,F1_Without
mouse,0.976,-0.0040000000000000036,0.9759358288770054
keyboard,0.9746666666666667,-0.002666666666666706,0.974496644295302
scroll,0.9693333333333334,0.002666666666666595,0.9691275167785235
touch,0.972,0.0,0.9718875502008032
session,0.9706666666666667,0.0013333333333332975,0.9705093833780161
network,0.9293333333333333,0.04266666666666663,0.9274965800273598
fingerprint,0.96,0.01200000000000001,0.9596774193548387
Group_Config,N_Features,AUC,AUC_Std,F1,F1_Std,Recall_At_FPR,Recall_At_FPR_Std
full,50,0.9961704000000001,0.0015102944878400474,0.9706464575841295,0.004444905096901046,0.9648,0.009516301802696263
without_behavior,15,0.9946704000000001,0.0028122163216936476,0.9631434772810357,0.010594271813380213,0.9523999999999999,0.015357083056361949
only_behavior,35,0.9115216,0.006325536106924039,0.8784359889287503,0.01119658795787044,0.8036,0.01873606148580857
without_session,45,0.9949479999999999,0.0015892961964341754,0.9663459016583975,0.006540666497158822,0.9503999999999999,0.011959933110180853
only_session,5,0.8975768000000001,0.010884752315050624,0.8019879356672591,0.007287653806585462,0.646,0.01425482374496438
without_network,45,0.980744,0.0033168273997903454,0.9359461799318737,0.006794449471751237,0.8884000000000001,0.020015993605114905
only_network,5,0.9466855999999998,0.0077833802836557555,0.8980845194651745,0.007327678111527211,0.6612,0.056022852480037126
without_fingerprint,45,0.9920624,0.002011758395036556,0.9588412714269614,0.005781982698740137,0.9319999999999998,0.02707027890510179
only_fingerprint,5,0.9464456,0.003921851481124665,0.8878361973449309,0.006958820125400458,0.7788,0.01760000000000002
